﻿[
  {
    "Product_ID": 1,
    "Product_Name": "LG Mobile",
    "Prdouct_DESC": "LG Mobile phone is very good product",
    "Product_Cost": "50000",
    "Discount_TillDate": "2019-09-10",
    "Discount_Percentage": "10",
    "Discounted_Product_Cost": "45000"
  },
  {
    "Product_ID": 1,
    "Product_Name": "LG Mobile",
    "Prdouct_DESC": "LG Mobile phone is very good product",
    "Product_Cost": "50000",
    "Discount_TillDate": "2019-09-12",
    "Discount_Percentage": "5",
    "Discounted_Product_Cost": "47500"
  },
  {
    "Product_ID": 2,
    "Product_Name": "Google Pixel Mobile",
    "Prdouct_DESC": "Google Pixel Mobile phone is very expensive product",
    "Product_Cost": "70000",
    "Discount_TillDate": "2019-09-13",
    "Discount_Percentage": "10",
    "Discounted_Product_Cost": "63000"
  },
  {
    "Product_ID": 2,
    "Product_Name": "Google Pixel Mobile",
    "Prdouct_DESC": "LG Mobile phone is very good product",
    "Product_Cost": "70000",
    "Discount_TillDate": "2019-09-10",
    "Discount_Percentage": "20",
    "Discounted_Product_Cost": "56000"
  },
  {
    "Product_ID": 3,
    "Product_Name": "Lenovo Laptop",
    "Prdouct_DESC": "Lenovo is very general purpose using laptop",
    "Product_Cost": "40000",
    "Discount_TillDate": "2019-09-12",
    "Discount_Percentage": "10",
    "Discounted_Product_Cost": "36000"
  },
  {
    "Product_ID": 3,
    "Product_Name": "Lenovo Laptop",
    "Prdouct_DESC": "Lenovo is very general purpose using laptop",
    "Product_Cost": "40000",
    "Discount_TillDate": "2019-09-13",
    "Discount_Percentage": "20",
    "Discounted_Product_Cost": "32000"
  },
  {
    "Product_ID": 4,
    "Product_Name": "Dell Laptop",
    "Prdouct_DESC": "Dell is very good speed laptop",
    "Product_Cost": "50000",
    "Discount_TillDate": "2019-09-11",
    "Discount_Percentage": "10",
    "Discounted_Product_Cost": "45000"
  },
  {
    "Product_ID": 4,
    "Product_Name": "Dell Laptop",
    "Prdouct_DESC": "Dell is very good speed laptop",
    "Product_Cost": "50000",
    "Discount_TillDate": "2019-09-12",
    "Discount_Percentage": "20",
    "Discounted_Product_Cost": "40000"
  }
] 